{"$schema":"http://schema.management.azure.com/schemas/2015-01-01/deploymentTemplate.json#","contentVersion":"1.0.0.0","parameters":{"factoryName":{"type":"string","metadata":"Nombre de instancia de Data Factory"},"AzureBlobStorage2":{"type":"string"},"AzurePostgreSql1":{"type":"string"}},"variables":{"factoryId":"[concat('Microsoft.DataFactory/factories/', parameters('factoryName'))]"},"resources":[{"name":"[concat(parameters('factoryName'), '/etl_netflix')]","type":"Microsoft.DataFactory/factories/pipelines","apiVersion":"2018-06-01","properties":{"activities":[{"name":"Copy data1","type":"Copy","dependsOn":[],"policy":{"timeout":"0.12:00:00","retry":0,"retryIntervalInSeconds":30,"secureOutput":false,"secureInput":false},"userProperties":[],"typeProperties":{"source":{"type":"DelimitedTextSource","storeSettings":{"type":"AzureBlobStorageReadSettings","recursive":true,"enablePartitionDiscovery":false},"formatSettings":{"type":"DelimitedTextReadSettings"}},"sink":{"type":"AzurePostgreSQLSink","writeBatchSize":1000000,"writeBatchTimeout":"00:30:00","writeMethod":"BulkInsert"},"enableStaging":false,"translator":{"type":"TabularTranslator","mappings":[{"source":{"name":"show_id","type":"String","physicalType":"String"},"sink":{"name":"show_id","type":"String","physicalType":"character varying"}},{"source":{"name":"type","type":"String","physicalType":"String"},"sink":{"name":"type","type":"String","physicalType":"character varying"}},{"source":{"name":"title","type":"String","physicalType":"String"},"sink":{"name":"title","type":"String","physicalType":"character varying"}},{"source":{"name":"director","type":"String","physicalType":"String"},"sink":{"name":"director","type":"String","physicalType":"character varying"}},{"source":{"name":"cast","type":"String","physicalType":"String"},"sink":{"name":"cast","type":"String","physicalType":"text"}},{"source":{"name":"country","type":"String","physicalType":"String"},"sink":{"name":"country","type":"String","physicalType":"character varying"}},{"source":{"name":"release_year","type":"String","physicalType":"String"},"sink":{"name":"release_year","type":"Int32","physicalType":"integer"}},{"source":{"name":"rating","type":"String","physicalType":"String"},"sink":{"name":"rating","type":"String","physicalType":"character varying"}},{"source":{"name":"duration","type":"String","physicalType":"String"},"sink":{"name":"duration","type":"String","physicalType":"character varying"}},{"source":{"name":"listed_in","type":"String","physicalType":"String"},"sink":{"name":"listed_in","type":"String","physicalType":"text"}},{"source":{"name":"description\r","type":"String","physicalType":"String"},"sink":{"name":"description","type":"String","physicalType":"text"}}],"typeConversion":true,"typeConversionSettings":{"allowDataTruncation":true,"treatBooleanAsNumber":false}}},"inputs":[{"referenceName":"DelimitedText","type":"DatasetReference","parameters":{}}],"outputs":[{"referenceName":"AzurePostgreSqlTable1","type":"DatasetReference","parameters":{}}]}],"policy":{"elapsedTimeMetric":{}},"annotations":[],"lastPublishTime":"2024-10-04T20:12:49Z"},"dependsOn":["[concat(variables('factoryId'), '/datasets/DelimitedText')]","[concat(variables('factoryId'), '/datasets/AzurePostgreSqlTable1')]"]},{"name":"[concat(parameters('factoryName'), '/DelimitedText')]","type":"Microsoft.DataFactory/factories/datasets","apiVersion":"2018-06-01","properties":{"linkedServiceName":{"referenceName":"[parameters('AzureBlobStorage2')]","type":"LinkedServiceReference"},"annotations":[],"type":"DelimitedText","typeProperties":{"location":{"type":"AzureBlobStorageLocation","fileName":"netflix_titles (1).csv","container":"capabronce"},"columnDelimiter":",","rowDelimiter":"\n","escapeChar":"\\","firstRowAsHeader":true,"quoteChar":"\""},"schema":[]},"dependsOn":[]},{"name":"[concat(parameters('factoryName'), '/AzurePostgreSqlTable1')]","type":"Microsoft.DataFactory/factories/datasets","apiVersion":"2018-06-01","properties":{"linkedServiceName":{"referenceName":"[parameters('AzurePostgreSql1')]","type":"LinkedServiceReference"},"annotations":[],"type":"AzurePostgreSqlTable","schema":[{"name":"show_id","type":"character varying","precision":0,"scale":0},{"name":"type","type":"character varying","precision":0,"scale":0},{"name":"title","type":"character varying","precision":0,"scale":0},{"name":"director","type":"character varying","precision":0,"scale":0},{"name":"cast","type":"text","precision":0,"scale":0},{"name":"country","type":"character varying","precision":0,"scale":0},{"name":"date_added","type":"date","precision":0,"scale":0},{"name":"release_year","type":"integer","precision":0,"scale":0},{"name":"rating","type":"character varying","precision":0,"scale":0},{"name":"duration","type":"character varying","precision":0,"scale":0},{"name":"listed_in","type":"text","precision":0,"scale":0},{"name":"description","type":"text","precision":0,"scale":0}],"typeProperties":{"schema":"public","table":"base_netflix"}},"dependsOn":[]}]}